index,particle_id,trajectory_id,channel_id,num_frames,qc_passed,flags,D_um2_s,alpha,R2,model_type,model_reason,hydro_radius_nm,fit_interval_start_s,fit_interval_end_s,ci_95_low,ci_95_high,drift_vx_um_s,drift_vy_um_s,excluded_from_distribution,exclude_reason
0,1,1,channel_A,117,True,,3.3326581764641094,0.6423927362762263,0.9990940872659844,brownian,"布朗扩散(边缘): alpha=0.64, R2=0.999",73.62684576453871,0.9666666666666667,1.4666666666666666,3.3146776452563573,3.3506387076718616,0.08931341159979647,-0.11266719386769335,False,
1,2,2,channel_A,250,True,"{'broken': True, 'break_points': [[40, 42], [84, 86], [112, 114], [139, 141], [244, 246]]}",4.809054898752745,0.9543496921973906,0.9987319640939559,brownian,alpha=0.95 在 0.9-1.1 且 R2=0.999 >= 0.9,51.02314585930194,1.3,2.1333333333333333,4.6975171205741315,4.920592676931358,0.08931341159979647,-0.11266719386769335,False,
2,3,3,channel_A,452,True,,1606.5619054014805,0.5056843314809615,0.6680412597838759,subdiffusive,"alpha=0.51 < 0.8, 次扩散/受限行为",0.15273181115491033,0.03333333333333333,0.1,0.0,3424.8607402799325,0.08931341159979647,-0.11266719386769335,False,
3,4,4,channel_A,451,True,{'intensity_drop': True},355.0324580979606,0.050000000000000586,0.9330163035697464,brownian,"布朗扩散(边缘): alpha=0.05, R2=0.933",0.6911286671055538,0.5,1.1,352.86898028651245,357.1959359094088,0.08931341159979647,-0.11266719386769335,False,
4,5,5,channel_A,276,True,,5.943561094999417,1.1127983080830217,0.9995502297153648,brownian,"布朗扩散(边缘): alpha=1.11, R2=1.000",41.28385417807771,0.7,1.1,5.914272906679055,5.972849283319779,0.08931341159979647,-0.11266719386769335,False,
5,6,6,channel_A,219,True,,6.644028408339889,1.5150012295573985,0.9998097792978353,directed,"alpha=1.52 > 1.2, 可能存在主动漂移或残留漂移",36.93137573530665,1.3666666666666667,2.1,6.544802199169998,6.74325461750978,0.08931341159979647,-0.11266719386769335,False,
6,7,7,channel_A,169,True,,3.555081311334794,0.7706887997393925,0.9992421280832156,brownian,"布朗扩散(边缘): alpha=0.77, R2=0.999",69.02039308133963,0.26666666666666666,0.4,3.4608232426692416,3.649339380000346,0.08931341159979647,-0.11266719386769335,False,
7,8,8,channel_A,169,True,,5.022974962847366,1.1812248872993774,0.9999853555902102,brownian,"布朗扩散(边缘): alpha=1.18, R2=1.000",48.85015580594444,0.8333333333333334,1.2666666666666666,5.018528413368275,5.027421512326457,0.08931341159979647,-0.11266719386769335,False,
8,9,9,channel_A,207,True,"{'broken': True, 'break_points': [[31, 33], [40, 42]]}",4.892037442202634,0.820750215608182,0.9988128129821043,brownian,"布朗扩散(边缘): alpha=0.82, R2=0.999",50.157651580436976,0.3,0.43333333333333335,4.737251002813853,5.046823881591415,0.08931341159979647,-0.11266719386769335,False,
9,10,10,channel_A,243,True,,4.916046530991249,1.8065482165301157,0.9999830961848766,directed,"alpha=1.81 > 1.2, 可能存在主动漂移或残留漂移",49.912690613808316,2.533333333333333,3.966666666666667,4.861873103086439,4.970219958896059,0.08931341159979647,-0.11266719386769335,False,
10,11,11,channel_A,164,True,,5.581465924413899,0.9392520815629206,0.9981107259852701,brownian,alpha=0.94 在 0.9-1.1 且 R2=0.998 >= 0.9,43.96212623482389,0.2,0.4,5.343948314792564,5.818983534035234,0.08931341159979647,-0.11266719386769335,False,
11,12,12,channel_A,209,True,,3.789819060145927,0.9057632988890537,0.9997812332100701,brownian,alpha=0.91 在 0.9-1.1 且 R2=1.000 >= 0.9,64.74533629449944,0.2,0.4,3.7354205857560583,3.8442175345357956,0.08931341159979647,-0.11266719386769335,False,
12,13,13,channel_A,224,True,,5.417281904343574,0.8559512018529585,0.9973633671930684,brownian,"布朗扩散(边缘): alpha=0.86, R2=0.997",45.29450633678705,0.9,1.4,5.357863419149602,5.476700389537546,0.08931341159979647,-0.11266719386769335,False,
13,14,14,channel_A,139,True,,2.155981048911213,0.6646793410719631,0.9991206421748141,brownian,"布朗扩散(边缘): alpha=0.66, R2=0.999",113.8104203969544,0.03333333333333333,0.16666666666666666,2.032536437897352,2.279425659925074,0.08931341159979647,-0.11266719386769335,False,
14,15,15,channel_A,263,True,"{'broken': True, 'break_points': [[122, 124], [221, 223], [229, 231], [259, 261]]}",4.19830260569682,1.555729101129159,0.9995251928990356,directed,"alpha=1.56 > 1.2, 可能存在主动漂移或残留漂移",58.44578930815914,1.5666666666666667,2.433333333333333,4.070346903656812,4.326258307736827,0.08931341159979647,-0.11266719386769335,False,
15,16,16,channel_A,126,True,,4.285858774570183,0.7200436014328055,0.9983698637869483,brownian,"布朗扩散(边缘): alpha=0.72, R2=0.998",57.25179536954286,0.3333333333333333,0.5666666666666667,4.189393589362171,4.382323959778195,0.08931341159979647,-0.11266719386769335,False,
16,17,17,channel_A,111,True,,10.76300040862153,1.3764084954191094,0.9996344542886513,directed,"alpha=1.38 > 1.2, 可能存在主动漂移或残留漂移",22.797835197320964,0.8333333333333334,1.2333333333333334,10.712889858398368,10.81311095884469,0.08931341159979647,-0.11266719386769335,False,
17,18,18,channel_A,243,True,,4.478923032032506,0.9415046538702514,0.9999847367226326,directed,主动漂移: v=1.445 um/s 超过阈值 0.5,54.783953148912026,0.23333333333333334,0.4,4.457270996256824,4.500575067808189,0.08931341159979647,-0.11266719386769335,False,
18,19,19,channel_A,105,True,,6.938821902148818,0.9978935593207503,0.9997547772896915,brownian,alpha=1.00 在 0.9-1.1 且 R2=1.000 >= 0.9,35.362358769932484,0.3333333333333333,0.4666666666666667,6.826158248090218,7.0514855562074175,0.08931341159979647,-0.11266719386769335,False,
19,20,20,channel_A,350,True,{'intensity_drop': True},223.08078782640422,0.052148689867399095,0.993319567497543,brownian,"布朗扩散(边缘): alpha=0.05, R2=0.993",1.0999293661065737,0.9,2.1333333333333333,222.77403759348582,223.38753805932262,0.08931341159979647,-0.11266719386769335,False,
20,21,21,channel_A,272,True,,3.409340125043422,0.7524190660082474,0.998785816701905,brownian,"布朗扩散(边缘): alpha=0.75, R2=0.999",71.9708508230245,0.06666666666666667,0.26666666666666666,3.25830892933303,3.560371320753814,0.08931341159979647,-0.11266719386769335,False,
21,22,22,channel_A,226,True,,3.4293560092946063,1.6740657581106306,0.9997490214588114,directed,"alpha=1.67 > 1.2, 可能存在主动漂移或残留漂移",71.55078355219332,2.6666666666666665,4.633333333333334,3.2993808110169494,3.559331207572263,0.08931341159979647,-0.11266719386769335,False,
22,23,23,channel_A,10,True,{'short_trajectory': True},6.655432696977051,2.3798867158367365,0.4589232043328235,directed,"alpha=2.38 > 1.2, 可能存在主动漂移或残留漂移",36.86809268703178,0.16666666666666666,0.3,0.0,31.953232649223697,0.08931341159979647,-0.11266719386769335,True,short_trajectory_10_frames_less_than_20
23,24,24,channel_A,202,True,,2.3983178628456794,0.6835659806120981,0.9994694721354975,brownian,"布朗扩散(边缘): alpha=0.68, R2=0.999",102.31050410194959,0.4,0.6,2.368564251637765,2.428071474053594,0.08931341159979647,-0.11266719386769335,False,
24,25,25,channel_A,140,True,,4.600162214893371,0.8460963898446157,0.9952240996964458,brownian,"布朗扩散(边缘): alpha=0.85, R2=0.995",53.34009934476614,0.5333333333333333,0.8,4.481409168591767,4.718915261194974,0.08931341159979647,-0.11266719386769335,False,
25,26,26,channel_A,118,True,,4.63104348617162,0.7649359658975863,0.9997584853415421,brownian,"布朗扩散(边缘): alpha=0.76, R2=1.000",52.98441059280492,0.1,0.23333333333333334,4.515606687877115,4.746480284466125,0.08931341159979647,-0.11266719386769335,False,
26,27,27,channel_A,7,True,{'short_trajectory': True},0.4270066831107416,0.5271516653758175,0.4980567183703002,subdiffusive,"alpha=0.53 < 0.8, 次扩散/受限行为",574.6352908505083,0.03333333333333333,0.16666666666666666,0.0,1.109336169052578,0.08931341159979647,-0.11266719386769335,True,short_trajectory_7_frames_less_than_20
27,28,28,channel_A,110,True,,6.170223218514079,1.2070736477450428,0.9980482915317974,directed,"alpha=1.21 > 1.2, 可能存在主动漂移或残留漂移",39.76729866242066,0.6333333333333333,0.9333333333333333,6.077877126218166,6.262569310809992,0.08931341159979647,-0.11266719386769335,False,
28,29,29,channel_A,155,True,,2.2555848451734857,0.3502453485471463,0.9943279779351948,brownian,"布朗扩散(边缘): alpha=0.35, R2=0.994",108.78469505126475,0.3333333333333333,0.4666666666666667,2.193912227000104,2.317257463346867,0.08931341159979647,-0.11266719386769335,False,
29,30,30,channel_A,225,True,,4.495132458434762,0.8966251558041921,0.9920972824518992,brownian,"布朗扩散(边缘): alpha=0.90, R2=0.992",54.58640247275218,0.6333333333333333,2.966666666666667,4.327284822373127,4.6629800944963975,0.08931341159979647,-0.11266719386769335,False,
30,31,31,channel_A,142,True,,5.966688237606395,0.8947780801569934,0.9994197033955922,brownian,"布朗扩散(边缘): alpha=0.89, R2=0.999",41.12383616726153,0.3333333333333333,0.8666666666666667,5.919807523867418,6.0135689513453725,0.08931341159979647,-0.11266719386769335,False,
31,32,32,channel_A,200,True,,7.741910304446715,0.8582310416519988,0.9989655234620678,brownian,"布朗扩散(边缘): alpha=0.86, R2=0.999",31.694129729650456,0.3,0.5,7.551868729798979,7.93195187909445,0.08931341159979647,-0.11266719386769335,False,
32,33,33,channel_A,133,True,,2.9079710357942217,0.8515899759413093,0.9993524990034222,brownian,"布朗扩散(边缘): alpha=0.85, R2=0.999",84.37948883401991,0.7,1.1666666666666667,2.8974821686142067,2.9184599029742366,0.08931341159979647,-0.11266719386769335,False,
33,34,34,channel_A,164,True,,4.959452543240544,1.5157139976762632,0.9990777326673036,directed,"alpha=1.52 > 1.2, 可能存在主动漂移或残留漂移",49.47584585296247,1.3666666666666667,2.1,4.795857320535382,5.123047765945706,0.08931341159979647,-0.11266719386769335,False,
34,35,35,channel_A,214,True,,6.6998713878674145,1.2930028234815654,0.9997218835620654,directed,"alpha=1.29 > 1.2, 可能存在主动漂移或残留漂移",36.62355519074445,2.8666666666666667,4.366666666666666,6.476642320867745,6.923100454867084,0.08931341159979647,-0.11266719386769335,False,
35,3,36,channel_B,144,True,,5.392154680126518,0.5741650071458171,0.9997902173232195,brownian,"布朗扩散(边缘): alpha=0.57, R2=1.000",45.505576916924525,0.4666666666666667,0.6666666666666666,5.36329425238708,5.421015107865957,0.08931341159979647,-0.11266719386769335,False,
36,20,37,channel_B,472,True,{'intensity_drop': True},2276.7713972211322,0.1611034817220635,0.9914998401263672,brownian,"布朗扩散(边缘): alpha=0.16, R2=0.991",0.10777239640481126,2.3666666666666667,3.6333333333333333,2234.57646783828,2318.9663266039843,0.08931341159979647,-0.11266719386769335,False,
37,36,38,channel_B,18,True,{'short_trajectory': True},4.946162317087986,1.124834603389874,0.9974634703563674,brownian,"布朗扩散(边缘): alpha=1.12, R2=0.997",49.60878633051277,0.03333333333333333,0.2,4.233997987023797,5.658326647152175,0.08931341159979647,-0.11266719386769335,True,short_trajectory_18_frames_less_than_20
38,37,39,channel_B,286,True,"{'broken': True, 'break_points': [[200, 204]]}",3.663521298518897,0.8279189338640689,0.9997960995599898,brownian,"布朗扩散(边缘): alpha=0.83, R2=1.000",66.9773940289776,0.6666666666666666,1.1666666666666667,3.655178248361686,3.671864348676108,0.08931341159979647,-0.11266719386769335,False,
39,38,40,channel_B,156,True,"{'broken': True, 'break_points': [[26, 28], [28, 30], [42, 44], [54, 56], [60, 62], [68, 70], [109, 111], [141, 143]]}",5.176092741931942,0.9226872036003722,0.9919198268311715,brownian,alpha=0.92 在 0.9-1.1 且 R2=0.992 >= 0.9,47.405083675697036,0.4,0.9666666666666667,5.046121672104848,5.306063811759037,0.08931341159979647,-0.11266719386769335,False,
40,39,41,channel_B,19,True,{'short_trajectory': True},10.39934610236926,2.960610070603736,0.9783356042041405,directed,"alpha=2.96 > 1.2, 可能存在主动漂移或残留漂移",23.595051758932136,0.3,0.43333333333333335,5.127872521355478,15.67081968338304,0.08931341159979647,-0.11266719386769335,True,short_trajectory_19_frames_less_than_20
41,40,42,channel_B,19,True,{'short_trajectory': True},12.124218294737707,1.287423796120402,0.9835859117458614,directed,主动漂移: v=1.825 um/s 超过阈值 0.5,20.23826225984,0.03333333333333333,0.16666666666666666,5.860267529005712,18.388169060469703,0.08931341159979647,-0.11266719386769335,True,short_trajectory_19_frames_less_than_20
42,41,43,channel_B,100,True,,7.0503116242862465,1.0239499869929265,0.9953163177807741,brownian,alpha=1.02 在 0.9-1.1 且 R2=0.995 >= 0.9,34.80315801917376,0.2,1.1333333333333333,6.917841871692908,7.182781376879585,0.08931341159979647,-0.11266719386769335,False,
43,42,44,channel_B,122,True,{'intensity_drop': True},13.06453179434343,1.6459414116454198,0.9998707043474275,directed,"alpha=1.65 > 1.2, 可能存在主动漂移或残留漂移",18.781622901380313,1.3666666666666667,2.066666666666667,12.892435183529471,13.23662840515739,0.08931341159979647,-0.11266719386769335,False,
44,43,45,channel_B,125,True,"{'broken': True, 'break_points': [[9, 11], [50, 52], [56, 58]]}",9.434796621473549,1.1289782438002782,0.9986398164406596,brownian,"布朗扩散(边缘): alpha=1.13, R2=0.999",26.007249481773023,0.4666666666666667,1.7,9.343316607672765,9.526276635274332,0.08931341159979647,-0.11266719386769335,False,
45,44,46,channel_B,263,True,,4.454075784381886,1.1546505539492724,0.9992729066213566,brownian,"布朗扩散(边缘): alpha=1.15, R2=0.999",55.08956771791962,0.8666666666666667,1.7,4.406885526698562,4.50126604206521,0.08931341159979647,-0.11266719386769335,False,
46,45,47,channel_B,232,True,,5.146070738634218,0.9442053909117316,0.9996784884277458,brownian,alpha=0.94 在 0.9-1.1 且 R2=1.000 >= 0.9,47.68164333659638,2.2,3.4,5.040026938781477,5.252114538486959,0.08931341159979647,-0.11266719386769335,False,
47,46,48,channel_B,255,True,"{'broken': True, 'break_points': [[16, 18], [153, 155]]}",5.4793197557166415,0.933435557528452,0.999347439079825,brownian,alpha=0.93 在 0.9-1.1 且 R2=0.999 >= 0.9,44.781673726643,0.1,0.23333333333333334,5.204382339230765,5.754257172202518,0.08931341159979647,-0.11266719386769335,False,
48,47,49,channel_B,14,True,{'short_trajectory': True},2.4366860064884075,0.9280694185066896,0.9624635444923137,directed,主动漂移: v=2.855 um/s 超过阈值 0.5,100.69951930247571,0.03333333333333333,0.16666666666666666,1.1291663928312141,3.7442056201456007,0.08931341159979647,-0.11266719386769335,True,short_trajectory_14_frames_less_than_20
49,48,50,channel_B,237,True,,2.5409338983262817,1.4125832845251844,0.999604807959467,directed,"alpha=1.41 > 1.2, 可能存在主动漂移或残留漂移",96.56808062031034,1.7666666666666666,2.7666666666666666,2.4680397872579576,2.613828009394606,0.08931341159979647,-0.11266719386769335,False,
50,49,51,channel_B,148,True,,3.5875766066448014,1.0270649852328537,0.9999338678000955,brownian,alpha=1.03 在 0.9-1.1 且 R2=1.000 >= 0.9,68.39522509149468,1.2333333333333334,1.9333333333333333,3.569761998883962,3.605391214405641,0.08931341159979647,-0.11266719386769335,False,
51,50,52,channel_B,251,True,"{'broken': True, 'break_points': [[202, 208], [236, 247]]}",4.719901434602707,1.6834991290539554,0.9993109616606052,directed,"alpha=1.68 > 1.2, 可能存在主动漂移或残留漂移",51.98691391001598,1.4,3.8333333333333335,4.527979693495285,4.911823175710128,0.08931341159979647,-0.11266719386769335,False,
52,51,53,channel_B,286,True,,5.722261227125812,0.9116459340642478,0.9998952539548465,brownian,alpha=0.91 在 0.9-1.1 且 R2=1.000 >= 0.9,42.88044530041463,0.4666666666666667,0.8333333333333334,5.699022748459356,5.745499705792268,0.08931341159979647,-0.11266719386769335,False,
53,52,54,channel_B,169,True,,5.239120586416677,0.5141708239477486,0.9966014994120979,brownian,"布朗扩散(边缘): alpha=0.51, R2=0.997",46.83478944550807,0.2,0.3333333333333333,5.001622983339285,5.476618189494069,0.08931341159979647,-0.11266719386769335,False,
54,53,55,channel_B,107,True,,3.2932034430401944,0.46558460689286607,0.9996890145633729,brownian,"布朗扩散(边缘): alpha=0.47, R2=1.000",74.50894358288723,0.06666666666666667,0.23333333333333334,3.2402027736206076,3.346204112459781,0.08931341159979647,-0.11266719386769335,False,
55,54,56,channel_B,115,True,{'intensity_drop': True},,,,anomalous,"无法明确分类: alpha=nan, R2=0.000",,,,,,0.08931341159979647,-0.11266719386769335,False,
56,55,57,channel_B,257,True,,7.750719970083661,0.8422805305849734,0.99944553239246,brownian,"布朗扩散(边缘): alpha=0.84, R2=0.999",31.658105374926,1.7,7.2,7.599720761555844,7.9017191786114775,0.08931341159979647,-0.11266719386769335,False,
57,56,58,channel_B,162,True,,5.1117425969692825,1.1609739347163246,0.997647771417252,brownian,"布朗扩散(边缘): alpha=1.16, R2=0.998",48.001851597522126,1.0,1.5,5.017147679824346,5.206337514114219,0.08931341159979647,-0.11266719386769335,False,
58,57,59,channel_B,225,True,,9.687435874778734,0.5859422886239322,0.9997217745987252,brownian,"布朗扩散(边缘): alpha=0.59, R2=1.000",25.329004776514846,1.1,1.7,9.646324783345728,9.72854696621174,0.08931341159979647,-0.11266719386769335,False,
59,58,60,channel_B,216,True,,4.26945088219982,0.9484784257387601,0.9999600192987048,brownian,alpha=0.95 在 0.9-1.1 且 R2=1.000 >= 0.9,57.47181928417553,0.16666666666666666,0.3,4.226602242733284,4.312299521666356,0.08931341159979647,-0.11266719386769335,False,
60,59,61,channel_B,195,True,,5.041376198929913,0.649690671070053,0.9984336015094497,brownian,"布朗扩散(边缘): alpha=0.65, R2=0.998",48.67185067373765,1.0,1.5666666666666667,4.9972302244951745,5.085522173364652,0.08931341159979647,-0.11266719386769335,False,
61,60,62,channel_B,288,True,,6.8820026648200425,1.0044011103387196,0.9996864502280537,directed,主动漂移: v=0.735 um/s 超过阈值 0.5,35.65431771754016,0.7333333333333333,1.1666666666666667,6.859786033827165,6.90421929581292,0.08931341159979647,-0.11266719386769335,False,
62,61,63,channel_B,135,True,"{'broken': True, 'break_points': [[25, 33]]}",3.6952217235915152,0.9405660448276807,0.9979424877090393,brownian,alpha=0.94 在 0.9-1.1 且 R2=0.998 >= 0.9,66.40281095391623,0.43333333333333335,0.6666666666666666,3.5925008216734655,3.797942625509565,0.08931341159979647,-0.11266719386769335,False,
63,62,64,channel_B,147,True,,2.9541641701759658,0.6192347816995465,0.9991730343368983,brownian,"布朗扩散(边缘): alpha=0.62, R2=0.999",83.06007906454165,0.03333333333333333,0.3333333333333333,2.883092642781162,3.0252356975707695,0.08931341159979647,-0.11266719386769335,False,
64,63,65,channel_B,135,True,"{'broken': True, 'break_points': [[12, 14], [27, 29], [44, 46], [46, 48], [69, 71], [104, 106], [117, 119]]}",1.6555798829753243,2.286654281887615,0.9983914600053762,directed,主动漂移: v=1.433 um/s 超过阈值 0.5,148.2097675066453,2.2333333333333334,3.3,1.4554271742925877,1.855732591658061,0.08931341159979647,-0.11266719386769335,False,
65,64,66,channel_B,220,True,"{'broken': True, 'break_points': [[71, 75], [175, 186]]}",2.8680848360135216,0.6638805082351635,0.9964936641983146,brownian,"布朗扩散(边缘): alpha=0.66, R2=0.996",85.55294685268335,0.5333333333333333,0.9333333333333333,2.8280676807854,2.9081019912416433,0.08931341159979647,-0.11266719386769335,False,
66,65,67,channel_B,227,True,,3.835913341492827,1.5420902380212311,0.9995397811456086,directed,"alpha=1.54 > 1.2, 可能存在主动漂移或残留漂移",63.96732347685406,2.7666666666666666,4.433333333333334,3.634807671197132,4.037019011788522,0.08931341159979647,-0.11266719386769335,False,
67,66,68,channel_B,234,True,"{'broken': True, 'break_points': [[210, 218]]}",5.093904794883624,0.7090780509884268,0.9973526460627494,brownian,"布朗扩散(边缘): alpha=0.71, R2=0.997",48.169944163641894,0.3,0.6,4.9625594991157795,5.2252500906514685,0.08931341159979647,-0.11266719386769335,False,
68,67,69,channel_B,103,True,,3.834691088378523,1.7732716182538781,0.9998083872930122,directed,"alpha=1.77 > 1.2, 可能存在主动漂移或残留漂移",63.98771214924811,1.2666666666666666,1.8666666666666667,3.778199479003423,3.891182697753623,0.08931341159979647,-0.11266719386769335,False,
69,68,70,channel_B,128,True,,7.025156629782896,1.1925658103530241,0.999178058396894,directed,主动漂移: v=0.980 um/s 超过阈值 0.5,34.92777776714635,0.5,0.9333333333333333,6.950369304215312,7.09994395535048,0.08931341159979647,-0.11266719386769335,False,
70,69,71,channel_C,222,True,"{'broken': True, 'break_points': [[94, 100], [177, 188]]}",2.6838913838977527,0.3638536528030175,0.9954317223528765,brownian,"布朗扩散(边缘): alpha=0.36, R2=0.995",91.4243814099892,0.06666666666666667,0.23333333333333334,2.5547241348957748,2.8130586328997307,0.08931341159979647,-0.11266719386769335,False,
71,70,72,channel_B,296,True,,3.568626477716547,0.4380167033794498,0.996022087609194,brownian,"布朗扩散(边缘): alpha=0.44, R2=0.996",68.75841758072099,0.43333333333333335,0.9,3.5257308909482714,3.6115220644848223,0.08931341159979647,-0.11266719386769335,False,
72,71,73,channel_B,183,True,,0.6027435061286928,1.6796715838762168,0.9908549748920915,directed,"alpha=1.68 > 1.2, 可能存在主动漂移或残留漂移",407.09374227926037,2.9,4.566666666666666,0.4444335814014716,0.7610534308559139,0.08931341159979647,-0.11266719386769335,False,
73,20,74,channel_C,122,True,{'intensity_drop': True},3.5266949332313424,0.7627035963146155,0.9989208384234151,brownian,"布朗扩散(边缘): alpha=0.76, R2=0.999",69.57593843242577,0.6,0.9,3.497475670178344,3.555914196284341,0.08931341159979647,-0.11266719386769335,False,
74,42,75,channel_C,408,True,{'intensity_drop': True},223.55723007703978,0.07690886012052219,0.9974733048930106,brownian,"布朗扩散(边缘): alpha=0.08, R2=0.997",1.0975852109989648,0.8666666666666667,2.1,223.11800885427348,223.99645129980607,0.08931341159979647,-0.11266719386769335,False,
75,54,76,channel_C,243,True,{'intensity_drop': True},39.397828564984984,0.07082235636656181,0.9928704562612987,brownian,"布朗扩散(边缘): alpha=0.07, R2=0.993",6.228087142917527,0.3333333333333333,0.8333333333333334,39.21771273667767,39.5779443932923,0.08931341159979647,-0.11266719386769335,False,
76,72,77,channel_C,157,True,,4.887298252254063,0.9414493282305026,0.9992523474096519,brownian,alpha=0.94 在 0.9-1.1 且 R2=0.999 >= 0.9,50.20628921741858,0.5,0.9333333333333333,4.847172154821566,4.927424349686561,0.08931341159979647,-0.11266719386769335,False,
77,73,78,channel_C,122,True,,2.776689156341817,0.903031260757804,0.9956320935841326,brownian,alpha=0.90 在 0.9-1.1 且 R2=0.996 >= 0.9,88.36895155658029,1.1,1.8,2.7061774958255302,2.8472008168581038,0.08931341159979647,-0.11266719386769335,False,
78,74,79,channel_C,290,True,,2.891294315003731,1.282494992315059,0.9980860604933962,directed,"alpha=1.28 > 1.2, 可能存在主动漂移或残留漂移",84.86618199715694,2.933333333333333,4.6,2.631680831791826,3.150907798215636,0.08931341159979647,-0.11266719386769335,False,
79,75,80,channel_C,5,True,{'short_trajectory': True},,,,anomalous,"无法明确分类: alpha=nan, R2=0.000",,,,,,0.08931341159979647,-0.11266719386769335,True,short_trajectory_5_frames_less_than_20
80,76,81,channel_C,243,True,,4.242302441616335,1.0907305710600255,0.9994763709662489,brownian,alpha=1.09 在 0.9-1.1 且 R2=0.999 >= 0.9,57.839607835919324,1.0,1.6,4.200483156296551,4.284121726936119,0.08931341159979647,-0.11266719386769335,False,
81,77,82,channel_C,131,True,,11.299105595367429,1.1644860730758597,0.9999717767243633,directed,主动漂移: v=5.058 um/s 超过阈值 0.5,21.71615332500773,0.23333333333333334,0.36666666666666664,11.203066212964771,11.395144977770087,0.08931341159979647,-0.11266719386769335,False,
82,78,83,channel_C,114,True,,4.760063861992212,0.8176630105252216,0.9975589234571272,brownian,"布朗扩散(边缘): alpha=0.82, R2=0.998",51.54828100179242,0.1,0.36666666666666664,4.540482807301093,4.979644916683331,0.08931341159979647,-0.11266719386769335,False,
83,79,84,channel_C,259,True,,5.576722188346038,1.0759456704022419,0.9997998021893739,brownian,alpha=1.08 在 0.9-1.1 且 R2=1.000 >= 0.9,43.99952180820852,2.1333333333333333,3.5,5.470437678363308,5.683006698328767,0.08931341159979647,-0.11266719386769335,False,
84,80,85,channel_C,147,True,"{'broken': True, 'break_points': [[64, 74]]}",2.9893289606219366,0.5984568739651152,0.998518009534139,brownian,"布朗扩散(边缘): alpha=0.60, R2=0.999",82.08300684759747,0.03333333333333333,0.36666666666666664,2.9058200747129455,3.072837846530928,0.08931341159979647,-0.11266719386769335,False,
85,81,86,channel_C,10,True,{'short_trajectory': True},13.03718354087654,1.1108865261204,0.9939614046768299,directed,主动漂移: v=6.525 um/s 超过阈值 0.5,18.82102133295229,0.03333333333333333,0.16666666666666666,9.540902664922017,16.533464416831062,0.08931341159979647,-0.11266719386769335,True,short_trajectory_10_frames_less_than_20
86,82,87,channel_C,17,True,{'short_trajectory': True},18.419858584850818,1.3949872337817082,0.9990470950987305,directed,"alpha=1.39 > 1.2, 可能存在主动漂移或残留漂移",13.321117988726353,0.03333333333333333,0.2,16.33862013610248,20.501097033599155,0.08931341159979647,-0.11266719386769335,True,short_trajectory_17_frames_less_than_20
87,83,88,channel_C,129,True,,3.321628929997025,1.2309730597514839,0.9997951719449886,directed,"alpha=1.23 > 1.2, 可能存在主动漂移或残留漂移",73.87131877631846,0.6666666666666666,1.0333333333333334,3.309235053253865,3.3340228067401854,0.08931341159979647,-0.11266719386769335,False,
88,84,89,channel_C,14,True,{'short_trajectory': True},25.95382771499574,1.7993347134951403,0.997765540980413,directed,主动漂移: v=10.450 um/s 超过阈值 0.5,9.45421662804207,0.1,0.23333333333333334,21.018718448803455,30.888936981188024,0.08931341159979647,-0.11266719386769335,True,short_trajectory_14_frames_less_than_20
89,85,90,channel_C,114,True,,2.2993451007913386,1.0751666821246928,0.9986813479833628,brownian,alpha=1.08 在 0.9-1.1 且 R2=0.999 >= 0.9,106.71434638497921,1.3666666666666667,2.033333333333333,2.2392962268194583,2.359393974763219,0.08931341159979647,-0.11266719386769335,False,
90,86,91,channel_C,178,True,,2.3258685042122824,1.8920279680218626,0.9981443707059172,directed,"alpha=1.89 > 1.2, 可能存在主动漂移或残留漂移",105.49741272994021,2.433333333333333,4.1,2.0719172671725623,2.5798197412520025,0.08931341159979647,-0.11266719386769335,False,
91,87,92,channel_C,273,True,,5.584674398874718,0.8501120260080173,0.9996887026095395,brownian,"布朗扩散(边缘): alpha=0.85, R2=1.000",43.93686937127314,0.26666666666666666,0.4,5.480011945515737,5.689336852233699,0.08931341159979647,-0.11266719386769335,False,
92,88,93,channel_C,114,True,,6.625537544439822,1.328297865629848,0.9995312535853688,directed,主动漂移: v=1.297 um/s 超过阈值 0.5,37.034445567419645,0.7666666666666667,1.1333333333333333,6.59714594831446,6.653929140565183,0.08931341159979647,-0.11266719386769335,False,
93,89,94,channel_C,178,True,,5.954336151265915,0.8617536116356396,0.9999374408148547,brownian,"布朗扩散(边缘): alpha=0.86, R2=1.000",41.20914629455116,0.4666666666666667,0.7,5.929763737291241,5.978908565240589,0.08931341159979647,-0.11266719386769335,False,
94,90,95,channel_C,262,True,,4.969038676011794,0.5118571832896379,0.9996144105531259,brownian,"布朗扩散(边缘): alpha=0.51, R2=1.000",49.38039841166843,1.5666666666666667,2.4,4.929163698664254,5.008913653359334,0.08931341159979647,-0.11266719386769335,False,
95,91,96,channel_C,295,True,,1.6314899949554151,1.375230345733564,0.997964444848762,directed,"alpha=1.38 > 1.2, 可能存在主动漂移或残留漂移",150.39816995700136,2.6666666666666665,4.166666666666667,1.4807735400148654,1.7822064498959649,0.08931341159979647,-0.11266719386769335,False,
96,92,97,channel_C,154,True,,5.222109831862716,2.087230892718231,0.9998100099049406,directed,"alpha=2.09 > 1.2, 可能存在主动漂移或残留漂移",46.98735136655059,2.4,3.966666666666667,5.023600233615263,5.420619430110169,0.08931341159979647,-0.11266719386769335,False,
97,93,98,channel_C,177,True,,6.463790045061432,0.9895148569685333,0.9997457880404111,brownian,alpha=0.99 在 0.9-1.1 且 R2=1.000 >= 0.9,37.96118188150707,0.13333333333333333,0.26666666666666666,6.273196908768855,6.654383181354009,0.08931341159979647,-0.11266719386769335,False,
98,94,99,channel_C,230,True,,7.782080623179976,0.7906950165035058,0.9993727407126419,brownian,"布朗扩散(边缘): alpha=0.79, R2=0.999",31.53052781457634,0.5666666666666667,1.1333333333333333,7.748009951182858,7.816151295177093,0.08931341159979647,-0.11266719386769335,False,
99,95,100,channel_C,122,True,,2.227220849664027,1.8316566949666857,0.9998902876930731,directed,"alpha=1.83 > 1.2, 可能存在主动漂移或残留漂移",110.17008465122174,1.6333333333333333,2.3666666666666667,2.189535446356748,2.2649062529713064,0.08931341159979647,-0.11266719386769335,False,
100,96,101,channel_B,241,True,,5.0906063504900585,0.6662357336248005,0.9997650883512684,brownian,"布朗扩散(边缘): alpha=0.67, R2=1.000",48.201155746570436,0.7333333333333333,1.1,5.081419596440564,5.099793104539553,0.08931341159979647,-0.11266719386769335,False,
101,97,102,channel_C,147,True,,3.5857199656445577,0.8238933172475674,0.999689527830518,brownian,"布朗扩散(边缘): alpha=0.82, R2=1.000",68.4306392845556,0.3,0.5,3.539387210584796,3.6320527207043196,0.08931341159979647,-0.11266719386769335,False,
102,98,103,channel_C,17,True,{'short_trajectory': True},2.4467332488306877,0.8730667128843239,0.9200700750734935,brownian,"布朗扩散(边缘): alpha=0.87, R2=0.920",100.28600774592715,0.16666666666666666,0.3,1.3769882392782384,3.516478258383137,0.08931341159979647,-0.11266719386769335,True,short_trajectory_17_frames_less_than_20
103,99,104,channel_B,179,True,,2.3086593063817915,1.4715121075420743,0.9968235508974738,directed,"alpha=1.47 > 1.2, 可能存在主动漂移或残留漂移",106.28381106998798,1.4333333333333333,2.2333333333333334,2.1595575467919863,2.4577610659715967,0.08931341159979647,-0.11266719386769335,False,
104,100,105,channel_C,204,True,,5.38681863603216,0.8056026461921736,0.999003369226992,brownian,"布朗扩散(边缘): alpha=0.81, R2=0.999",45.5506535718807,0.6666666666666666,1.0333333333333334,5.356103646420019,5.417533625644301,0.08931341159979647,-0.11266719386769335,False,
105,101,106,channel_C,184,True,,6.153295860344238,1.0997718604853008,0.9980051930933055,brownian,alpha=1.10 在 0.9-1.1 且 R2=0.998 >= 0.9,39.87669618257634,0.6333333333333333,1.3333333333333333,6.095996308318343,6.210595412370132,0.08931341159979647,-0.11266719386769335,False,
106,102,107,channel_C,205,True,,9.136080514900565,1.285956553719537,0.9997209834383883,directed,主动漂移: v=2.360 um/s 超过阈值 0.5,26.857590532861284,0.7666666666666667,1.3,9.097685784218498,9.17447524558263,0.08931341159979647,-0.11266719386769335,False,
107,103,108,channel_C,211,True,,4.874756609145861,1.1982730434955926,0.9994982501675642,directed,主动漂移: v=1.965 um/s 超过阈值 0.5,50.335458612249624,0.6,0.9666666666666667,4.837354313760168,4.912158904531555,0.08931341159979647,-0.11266719386769335,False,
108,104,109,channel_C,155,True,,2.3453104882443445,1.6750697870643363,0.9996905070207294,directed,"alpha=1.68 > 1.2, 可能存在主动漂移或残留漂移",104.62286796326637,2.4,3.6,2.2510466075585307,2.4395743689301583,0.08931341159979647,-0.11266719386769335,False,
109,105,110,channel_C,273,True,,6.208124188397348,1.03058949975641,0.9995353486071923,brownian,alpha=1.03 在 0.9-1.1 且 R2=1.000 >= 0.9,39.524516923008896,0.4,1.4333333333333333,6.177602368009679,6.238646008785017,0.08931341159979647,-0.11266719386769335,False,
110,106,111,channel_C,248,True,,5.154863109976492,0.8607268104500667,0.9997139114488067,brownian,"布朗扩散(边缘): alpha=0.86, R2=1.000",47.600315335157525,0.6,0.9666666666666667,5.131785713293554,5.1779405066594295,0.08931341159979647,-0.11266719386769335,False,
